Alpha,Beta,SumResidualSquare
0.2,1.0E-11,3143.7892118754967
0.207,1.0E-11,3026.740395625218
0.205,1.0E-11,3068.170375737065
0.2,2.0E-11,2867.6206228956034
0.203,1.0E-11,3075.5203657465563
0.206,1.0E-11,3032.356720944544
0.204,1.0E-11,3030.5656303265214
0.202,1.0E-11,3126.4732373787483
0.201,2.0E-11,2842.3042481457833
0.207,2.0E-11,2818.4182554469908
0.205,2.0E-11,2889.2960140083937
0.204,2.0E-11,2972.76841591458
0.2,3.0E-11,2996.560399045932
0.207,3.0E-11,2825.9006945374344
0.203,2.0E-11,2949.9354628024676
0.206,2.0E-11,2860.355615183721
0.202,2.0E-11,3002.852152572783
0.201,3.0E-11,2915.742560254839
0.204,3.0E-11,2881.5306447914736
0.205,3.0E-11,2884.6481451931368
0.2,4.0E-11,2938.361640189437
0.207,4.0E-11,2751.9524718218654
0.201,4.0E-11,2863.057187682086
0.205,4.0E-11,2854.8780092245515
0.2,4.9999999999999995E-11,2901.523249974827
0.202,3.0E-11,2776.7221430549453
0.203,3.0E-11,2920.7498264543365
0.201,4.9999999999999995E-11,2811.519633413014
0.205,4.9999999999999995E-11,2802.882364255926
0.204,4.0E-11,2850.0342847148763
0.206,3.0E-11,2847.115827192982
0.203,4.0E-11,2849.3366891189
0.207,4.9999999999999995E-11,2720.4428931689636
0.2,6.0E-11,2902.84305007228
0.201,6.0E-11,2847.995398561583
0.205,6.0E-11,2781.7882435892757
0.203,4.9999999999999995E-11,2744.566701203569
0.207,6.0E-11,2713.147070553609
0.201,7.0E-11,2844.629169658323
0.204,4.9999999999999995E-11,2786.4101054101066
0.202,4.0E-11,2786.650605521907
0.206,4.0E-11,2741.184263151338
0.203,6.0E-11,2738.9410173020665
0.207,7.0E-11,2698.871529805208
0.204,6.0E-11,2782.6351123462277
0.2,7.0E-11,2852.091546985299
0.201,8.000000000000001E-11,2728.8567938547026
0.205,7.0E-11,2760.804658184881
0.202,4.9999999999999995E-11,2785.140482059516
0.206,4.9999999999999995E-11,2711.86321711352
0.203,7.0E-11,2695.6420266111663
0.207,8.000000000000001E-11,2654.35548638019
0.205,8.000000000000001E-11,2673.138146060005
0.204,7.0E-11,2742.9385678426374
0.206,6.0E-11,2638.5757915507993
0.207,9.000000000000001E-11,2527.36681964167
0.2,8.000000000000001E-11,2802.8633904891476
0.203,8.000000000000001E-11,2610.074769656376
0.206,7.0E-11,2608.8511336405822
0.202,6.0E-11,2609.4116304658983
0.207,1.0000000000000002E-10,2473.465928177266
0.205,9.000000000000001E-11,2600.4112361820326
0.201,9.000000000000001E-11,2548.6110802779076
0.204,8.000000000000001E-11,2644.1931057495854
0.207,1.1000000000000002E-10,2427.4498007929096
0.203,9.000000000000001E-11,2649.1419699717576
0.206,8.000000000000001E-11,2653.2214751192228
0.202,7.0E-11,2716.943420697843
0.2,9.000000000000001E-11,2504.8083358370272
0.201,1.0000000000000002E-10,2652.8673704856033
0.203,1.0000000000000002E-10,2615.3602803839462
0.204,9.000000000000001E-11,2534.740267395807
0.207,1.2000000000000003E-10,2490.1949884350397
0.205,1.0000000000000002E-10,2611.0880917291424
0.202,8.000000000000001E-11,2709.706476287259
0.204,1.0000000000000002E-10,2475.6006207587725
0.2,1.0000000000000002E-10,2614.9430972452674
0.203,1.1000000000000002E-10,2563.272114836271
0.206,9.000000000000001E-11,2552.788697251249
0.205,1.1000000000000002E-10,2534.9514809638545
0.2,1.1000000000000002E-10,2625.732751677081
0.207,1.3000000000000002E-10,2538.1378184297714
0.206,1.0000000000000002E-10,2480.7228979479883
0.202,9.000000000000001E-11,2675.7866287087086
0.201,1.1000000000000002E-10,2672.979613727948
0.202,1.0000000000000002E-10,2645.2977090933646
0.204,1.1000000000000002E-10,2560.412895591211
0.203,1.2000000000000003E-10,2521.7724403335296
0.202,1.1000000000000002E-10,2493.6545908353323
0.207,1.4E-10,2376.4443024284365
0.202,1.2000000000000003E-10,2560.1688702266842
0.207,1.5E-10,2274.8816576391278
0.205,1.2000000000000003E-10,2462.6350107668236
0.2,1.2000000000000003E-10,2633.2512344562706
0.206,1.1000000000000002E-10,2599.2263315536693
0.2,1.3000000000000002E-10,2591.294437975477
0.204,1.2000000000000003E-10,2487.5299719290533
0.206,1.2000000000000003E-10,2458.5649853497234
0.203,1.3000000000000002E-10,2549.895001618077
0.204,1.3000000000000002E-10,2446.424566772041
0.201,1.2000000000000003E-10,2595.4753887525226
0.202,1.3000000000000002E-10,2518.134111408376
0.205,1.3000000000000002E-10,2412.121810624576
0.207,1.6E-10,2404.77489983498
0.205,1.4E-10,2446.8008125794413
0.2,1.4E-10,2540.638189721032
0.203,1.4E-10,2440.1063051367273
0.201,1.3000000000000002E-10,2442.52408318206
0.206,1.3000000000000002E-10,2448.9293537744925
0.204,1.4E-10,2406.3010117720937
0.202,1.4E-10,2450.8991676917262
0.207,1.6999999999999998E-10,2188.4284048967006
0.205,1.5E-10,2343.8249884394954
0.204,1.5E-10,2364.030052999113
0.2,1.5E-10,2494.4669734946456
0.203,1.5E-10,2406.0037021654116
0.201,1.4E-10,2498.2702993733124
0.202,1.5E-10,2355.241916258813
0.206,1.4E-10,2328.8587926415125
0.2,1.6E-10,2465.92759358326
0.207,1.7999999999999997E-10,2178.2789986597804
0.205,1.6E-10,2187.6555654164295
0.203,1.6E-10,2372.752651552206
0.204,1.6E-10,2393.3116130735675
0.201,1.5E-10,2402.367975336724
0.202,1.6E-10,2373.9106218380693
0.206,1.5E-10,2372.371334664974
0.2,1.6999999999999998E-10,2416.2483450518475
0.204,1.6999999999999998E-10,2356.5058923336446
0.202,1.6999999999999998E-10,2320.243145617013
0.203,1.6999999999999998E-10,2324.059210773736
0.207,1.8999999999999996E-10,2179.1008842303413
0.201,1.6E-10,2401.5837313668844
0.206,1.6E-10,2310.9327020366436
0.204,1.7999999999999997E-10,2284.102324759549
0.205,1.6999999999999998E-10,2324.059210773736
0.2,1.7999999999999997E-10,2355.569782335242
0.202,1.7999999999999997E-10,2316.0537696172173
0.201,1.6999999999999998E-10,2269.7525169923565
0.206,1.6999999999999998E-10,2223.593232063992
0.205,1.7999999999999997E-10,2214.463929418888
0.204,1.8999999999999996E-10,2210.1436155236192
0.2,1.8999999999999996E-10,2340.1251474173437
0.201,1.7999999999999997E-10,2320.711343882484
0.203,1.7999999999999997E-10,2232.6812638478095
0.205,1.8999999999999996E-10,2231.2245435737864
0.202,1.8999999999999996E-10,2236.7962131164268
0.204,1.9999999999999996E-10,2213.6091071526707
0.207,1.9999999999999996E-10,2290.8049699268477
0.201,1.8999999999999996E-10,2290.9414268651626
0.2,1.9999999999999996E-10,2272.117339982672
0.205,1.9999999999999996E-10,2174.686019522494
0.201,1.9999999999999996E-10,2206.090708908348
0.207,2.0999999999999995E-10,2129.027982666304
0.204,2.0999999999999995E-10,2133.8578391988517
0.201,2.0999999999999995E-10,2230.8555199157718
0.205,2.0999999999999995E-10,2146.75389271393
0.202,1.9999999999999996E-10,2169.895076163372
0.2,2.0999999999999995E-10,2231.3383994296355
0.201,2.1999999999999994E-10,2183.4522303414815
0.203,1.8999999999999996E-10,2240.383184829822
0.206,1.7999999999999997E-10,2221.6872791719466
0.207,2.1999999999999994E-10,2062.5542763643375
0.204,2.1999999999999994E-10,2130.6980917598617
0.205,2.1999999999999994E-10,2146.763510308246
0.201,2.2999999999999993E-10,2205.400299113673
0.206,1.8999999999999996E-10,2109.931288588005
0.2,2.1999999999999994E-10,2225.8863485164743
0.202,2.0999999999999995E-10,2200.1677297010237
0.203,1.9999999999999996E-10,2156.6040992054427
0.206,1.9999999999999996E-10,2133.527135948547
0.2,2.2999999999999993E-10,2124.7757043805505
0.207,2.2999999999999993E-10,2022.7920087324856
0.203,2.0999999999999995E-10,2148.5691774744687
0.206,2.0999999999999995E-10,2103.767820721134
0.204,2.2999999999999993E-10,2087.408640149116
0.201,2.3999999999999995E-10,2121.2768960904614
0.205,2.2999999999999993E-10,2106.563826562524
0.203,2.1999999999999994E-10,2090.99486760963
0.206,2.1999999999999994E-10,2036.7892989115994
0.2,2.3999999999999995E-10,2099.0208472269464
0.204,2.3999999999999995E-10,2029.8355229909366
0.206,2.2999999999999993E-10,2050.445472854984
0.207,2.3999999999999995E-10,1991.919956988692
0.202,2.1999999999999994E-10,2010.8498184103846
0.201,2.4999999999999996E-10,2020.993709352089
0.205,2.3999999999999995E-10,2026.7482882253355
0.207,2.4999999999999996E-10,1950.0996467141188
0.203,2.2999999999999993E-10,2098.375214067581
0.2,2.4999999999999996E-10,2087.6136381865695
0.204,2.4999999999999996E-10,1995.8888879372864
0.206,2.3999999999999995E-10,1954.6992829183007
0.203,2.3999999999999995E-10,2066.5096624971916
0.2,2.6E-10,2071.4315276591183
0.204,2.6E-10,1993.879870060131
0.202,2.2999999999999993E-10,2118.8742280605607
0.201,2.6E-10,1993.56520213494
0.207,2.6E-10,1900.27493812932
0.205,2.4999999999999996E-10,1994.5415140420534
0.203,2.4999999999999996E-10,2022.4750970269306
0.2,2.7E-10,2044.5624830196796
0.204,2.7E-10,1926.6264481394453
0.206,2.4999999999999996E-10,1939.9472805162297
0.207,2.7E-10,1928.6938567724662
0.202,2.3999999999999995E-10,2019.1079121031516
0.201,2.7E-10,2019.0844958470857
0.203,2.6E-10,1986.6219459366316
0.202,2.4999999999999996E-10,2054.3664713589055
0.2,2.8E-10,1972.552550585448
0.205,2.6E-10,1909.1491574222232
0.204,2.8E-10,1890.8848617899007
0.206,2.6E-10,1898.6609299184468
0.207,2.8E-10,1804.9662603969682
0.201,2.8E-10,1970.0310805396857
0.206,2.7E-10,1865.8719119105588
0.203,2.7E-10,1959.0306832049932
0.202,2.6E-10,2018.511888431102
0.205,2.7E-10,1921.601263878577
0.203,2.8E-10,1920.0355795315793
0.2,2.9000000000000003E-10,1964.9363341056346
0.204,2.9000000000000003E-10,1863.041923040628
0.201,2.9000000000000003E-10,1922.351375578849
0.206,2.8E-10,1822.0726095320897
0.207,2.9000000000000003E-10,1811.025618876616
0.205,2.8E-10,1877.2367573098463
0.202,2.7E-10,1945.4952148468392
0.2,3.0000000000000005E-10,1927.0409651829775
0.203,2.9000000000000003E-10,1923.0052842238063
0.204,3.0000000000000005E-10,1836.9932912474628
0.201,3.0000000000000005E-10,1869.1071831246354
0.202,2.8E-10,1904.8111712162304
0.206,2.9000000000000003E-10,1800.681308641665
0.207,3.0000000000000005E-10,1765.683204077115
0.205,2.9000000000000003E-10,1857.4133002622495
0.2,3.1000000000000007E-10,1892.6758125781407
0.203,3.0000000000000005E-10,1840.552734494139
0.204,3.1000000000000007E-10,1823.3862862051358
0.201,3.1000000000000007E-10,1883.3498276416826
0.202,2.9000000000000003E-10,1878.131383532131
0.206,3.0000000000000005E-10,1757.9901145332763
0.207,3.1000000000000007E-10,1752.9239654988703
0.205,3.0000000000000005E-10,1821.5949991113816
0.2,3.200000000000001E-10,1859.4036599620351
0.203,3.1000000000000007E-10,1812.373003392021
0.204,3.200000000000001E-10,1791.9206568150069
0.201,3.200000000000001E-10,1846.4607996505003
0.202,3.0000000000000005E-10,1827.4016946748743
0.206,3.1000000000000007E-10,1719.6613404584923
0.207,3.200000000000001E-10,1679.3155745499027
0.205,3.1000000000000007E-10,1769.7634810251561
0.201,3.300000000000001E-10,1751.2312462242162
0.203,3.200000000000001E-10,1788.3921690664872
0.2,3.300000000000001E-10,1834.328542483811
0.204,3.300000000000001E-10,1734.5344766739718
0.202,3.1000000000000007E-10,1800.2230500445728
0.206,3.200000000000001E-10,1714.612898872029
0.204,3.400000000000001E-10,1709.6814068166177
0.201,3.400000000000001E-10,1792.2260437524008
0.206,3.300000000000001E-10,1674.0675760504082
0.204,3.5000000000000014E-10,1668.4134422856705
0.207,3.300000000000001E-10,1649.9808519785583
0.201,3.5000000000000014E-10,1648.4108656005073
0.205,3.200000000000001E-10,1734.4337297399916
0.203,3.300000000000001E-10,1764.7776609023326
0.2,3.400000000000001E-10,1773.1096514099436
0.202,3.200000000000001E-10,1792.0814331725483
0.206,3.400000000000001E-10,1663.3047222978867
0.2,3.5000000000000014E-10,1754.7482520728158
0.204,3.6000000000000015E-10,1637.4634749045174
0.207,3.400000000000001E-10,1626.5834347281786
0.2,3.6000000000000015E-10,1688.2777782437129
0.204,3.7000000000000017E-10,1606.3963238175543
0.205,3.300000000000001E-10,1710.1561859889084
0.203,3.400000000000001E-10,1733.5085138499715
0.201,3.6000000000000015E-10,1711.1801661574514
0.206,3.5000000000000014E-10,1654.9424348301284
0.205,3.400000000000001E-10,1680.4962857297867
0.201,3.7000000000000017E-10,1682.772804576692
0.206,3.6000000000000015E-10,1599.8424947587307
0.205,3.5000000000000014E-10,1641.891879614444
0.206,3.7000000000000017E-10,1556.806184898547
0.202,3.300000000000001E-10,1663.4656378230095
0.207,3.5000000000000014E-10,1620.421027009651
0.2,3.7000000000000017E-10,1713.2081854218186
0.203,3.5000000000000014E-10,1691.9083052819735
0.204,3.800000000000002E-10,1609.6084048686132
0.201,3.800000000000002E-10,1591.5044342535214
0.205,3.6000000000000015E-10,1611.4755755651186
0.206,3.800000000000002E-10,1528.1850821819396
0.202,3.400000000000001E-10,1735.1831412771967
0.201,3.900000000000002E-10,1619.5819881199093
0.207,3.6000000000000015E-10,1560.4757334664278
0.206,3.900000000000002E-10,1614.1307451695507
0.2,3.800000000000002E-10,1681.4794934568
0.203,3.6000000000000015E-10,1659.38188360468
0.204,3.900000000000002E-10,1557.37871389825
0.202,3.5000000000000014E-10,1635.7229781602236
0.2,3.900000000000002E-10,1645.2692285439805
0.203,3.7000000000000017E-10,1595.82865242048
0.205,3.7000000000000017E-10,1623.964617985634
0.201,4.000000000000002E-10,1584.357502343508
0.207,3.7000000000000017E-10,1528.3909563153484
0.206,4.000000000000002E-10,1540.8992682775508
0.204,4.000000000000002E-10,1557.7541957681492
0.202,3.6000000000000015E-10,1674.4289391603045
0.207,3.800000000000002E-10,1492.7511807369174
0.206,4.1000000000000024E-10,1470.7040447487411
0.2,4.000000000000002E-10,1611.3200925095557
0.202,3.7000000000000017E-10,1596.1621952487358
0.207,3.900000000000002E-10,1464.9411711761493
0.203,3.800000000000002E-10,1589.0170376457809
0.205,3.800000000000002E-10,1557.6192200893665
0.201,4.1000000000000024E-10,1560.9089747721864
0.204,4.1000000000000024E-10,1527.1793497820465
0.206,4.2000000000000026E-10,1453.3080525184855
0.2,4.1000000000000024E-10,1603.4690734003166
0.202,3.800000000000002E-10,1609.418584358377
0.203,3.900000000000002E-10,1561.8889449211615
0.206,4.3000000000000027E-10,1446.001841464809
0.2,4.2000000000000026E-10,1570.0767748775743
0.204,4.2000000000000026E-10,1448.156717512441
0.202,3.900000000000002E-10,1574.8413316783185
0.207,4.000000000000002E-10,1509.6909760009648
0.203,4.000000000000002E-10,1507.8040070426289
0.205,3.900000000000002E-10,1442.9818039437148
0.201,4.2000000000000026E-10,1434.7737790402555
0.206,4.400000000000003E-10,1388.6514123807801
0.2,4.3000000000000027E-10,1530.550851479626
0.204,4.3000000000000027E-10,1504.0447758298408
0.202,4.000000000000002E-10,1536.6297654467696
0.207,4.1000000000000024E-10,1445.871438667267
0.2,4.400000000000003E-10,1484.6610180607568
0.203,4.1000000000000024E-10,1508.492667230604
0.205,4.000000000000002E-10,1482.628979527121
0.201,4.3000000000000027E-10,1450.078895611992
0.2,4.500000000000003E-10,1479.6902832943442
0.206,4.500000000000003E-10,1378.6253140059762
0.204,4.400000000000003E-10,1441.0117574951082
0.202,4.1000000000000024E-10,1520.1670128656558
0.207,4.2000000000000026E-10,1454.221823738177
0.205,4.1000000000000024E-10,1473.381818629907
0.203,4.2000000000000026E-10,1478.2870750868294
0.202,4.2000000000000026E-10,1449.701190407895
0.201,4.400000000000003E-10,1467.8809375683902
0.2,4.600000000000003E-10,1449.5034465116473
0.204,4.500000000000003E-10,1419.5404397115747
0.202,4.3000000000000027E-10,1471.2205541479302
0.207,4.3000000000000027E-10,1349.8660918861128
0.206,4.600000000000003E-10,1342.2201908348009
0.2,4.700000000000003E-10,1400.7168954208562
0.205,4.2000000000000026E-10,1460.45717870164
0.203,4.3000000000000027E-10,1467.4297004030166
0.201,4.500000000000003E-10,1449.54641318763
0.204,4.600000000000003E-10,1383.003208786446
0.202,4.400000000000003E-10,1417.876686077505
0.207,4.400000000000003E-10,1345.1485213704307
0.201,4.600000000000003E-10,1405.8189327174618
0.204,4.700000000000003E-10,1355.9425113564346
0.202,4.500000000000003E-10,1413.3647917403293
0.2,4.800000000000003E-10,1338.852162981283
0.206,4.700000000000003E-10,1297.2639606655218
0.204,4.800000000000003E-10,1342.299913905362
0.202,4.600000000000003E-10,1399.1286487604234
0.203,4.400000000000003E-10,1434.4316280791568
0.205,4.3000000000000027E-10,1411.9826282275044
0.207,4.500000000000003E-10,1331.2762599678197
0.201,4.700000000000003E-10,1342.0900485338211
0.2,4.900000000000003E-10,1334.8771376472525
0.206,4.800000000000003E-10,1278.5844913780566
0.204,4.900000000000003E-10,1305.894909334436
0.202,4.700000000000003E-10,1385.7736874623877
0.203,4.500000000000003E-10,1398.8019348998835
0.206,4.900000000000003E-10,1245.467674620924
0.204,5.000000000000002E-10,1302.5753421444942
0.207,4.600000000000003E-10,1339.5202203010108
0.205,4.400000000000003E-10,1365.215384372046
0.201,4.800000000000003E-10,1346.795654755326
0.204,5.100000000000002E-10,1244.5217021725182
0.2,5.000000000000002E-10,1313.5559608355522
0.205,4.500000000000003E-10,1345.6535501376022
0.202,4.800000000000003E-10,1365.1126684223877
0.2,5.100000000000002E-10,1324.2177217812275
0.203,4.600000000000003E-10,1370.6866463835952
0.206,5.000000000000002E-10,1226.2489137287075
0.207,4.700000000000003E-10,1303.229937343218
0.201,4.900000000000003E-10,1283.5375802363556
0.204,5.200000000000002E-10,1230.0746183069284
0.207,4.800000000000003E-10,1248.9034292300748
0.201,5.000000000000002E-10,1318.3529763792897
0.204,5.300000000000001E-10,1191.2964864621342
0.201,5.100000000000002E-10,1247.4916502856759
0.205,4.600000000000003E-10,1335.1361109078878
0.202,4.900000000000003E-10,1320.4259464831684
0.2,5.200000000000002E-10,1297.9180201656925
0.201,5.200000000000002E-10,1273.2303028676897
0.206,5.100000000000002E-10,1260.879852938493
0.203,4.700000000000003E-10,1285.3826952514535
0.207,4.900000000000003E-10,1240.0417767799584
0.204,5.400000000000001E-10,1163.0581233114963
0.205,4.700000000000003E-10,1299.4066078612373
0.2,5.300000000000001E-10,1274.3074585556526
0.202,5.000000000000002E-10,1273.4034145212952
0.201,5.300000000000001E-10,1242.547797080023
0.206,5.200000000000002E-10,1211.8304729419292
0.203,4.800000000000003E-10,1312.928176007936
0.207,5.000000000000002E-10,1194.2498341854844
0.204,5.500000000000001E-10,1140.1187484188126
0.205,4.800000000000003E-10,1283.0041560557854
0.2,5.400000000000001E-10,1245.1826683158054
0.202,5.100000000000002E-10,1270.894433059083
0.201,5.400000000000001E-10,1217.9907367765113
0.206,5.300000000000001E-10,1161.9165014124858
0.2,5.500000000000001E-10,1223.180075908429
0.203,4.900000000000003E-10,1260.3414135326395
0.207,5.100000000000002E-10,1163.5877156309218
0.204,5.6E-10,1156.131467478016
0.2,5.6E-10,1196.4049576087543
0.203,5.000000000000002E-10,1237.1287716399984
0.205,4.900000000000003E-10,1241.8087259123513
0.202,5.200000000000002E-10,1214.490441369367
0.201,5.500000000000001E-10,1200.1903606292399
0.206,5.400000000000001E-10,1130.8911793600043
0.207,5.200000000000002E-10,1139.2289743102444
0.204,5.7E-10,1126.3650048760737
0.2,5.7E-10,1195.473341626207
0.203,5.100000000000002E-10,1253.1563153728546
0.205,5.000000000000002E-10,1228.8749015333544
0.202,5.300000000000001E-10,1202.0685401858914
0.201,5.6E-10,1149.0489673022173
0.206,5.500000000000001E-10,1101.396907988429
0.207,5.300000000000001E-10,1098.6202296844638
0.204,5.8E-10,1090.7220477911353
0.2,5.8E-10,1173.3416120117613
0.203,5.200000000000002E-10,1226.1080377827138
0.205,5.100000000000002E-10,1205.4964522672938
0.202,5.400000000000001E-10,1172.3458312845112
0.201,5.7E-10,1135.9904924720734
0.206,5.6E-10,1082.2915543651982
0.207,5.400000000000001E-10,1094.5149096057744
0.204,5.899999999999999E-10,1091.4738632195647
0.2,5.899999999999999E-10,1153.0616606328763
0.203,5.300000000000001E-10,1198.8472486485252
0.205,5.200000000000002E-10,1178.0959318532637
0.202,5.500000000000001E-10,1152.6560797697935
0.201,5.8E-10,1105.4504701971086
0.206,5.7E-10,1060.4499402921876
0.207,5.500000000000001E-10,1065.4466601880101
0.204,5.999999999999999E-10,1046.1778583196092
0.2,5.999999999999999E-10,1130.545947728547
0.203,5.400000000000001E-10,1177.6432032004607
0.205,5.300000000000001E-10,1155.841419360212
0.202,5.6E-10,1121.9754643454214
0.201,5.899999999999999E-10,1091.1124121848252
0.206,5.8E-10,1043.3177184564006
0.207,5.6E-10,1048.4591253003816
0.204,6.099999999999999E-10,1033.3910849859053
0.201,5.999999999999999E-10,1059.402712563358
0.206,5.899999999999999E-10,1017.3199267060875
0.2,6.099999999999999E-10,1103.4981317138904
0.203,5.500000000000001E-10,1153.7256262941708
0.205,5.400000000000001E-10,1136.577677035938
0.202,5.7E-10,1115.493269624744
0.207,5.7E-10,1020.5711814407637
0.204,6.199999999999998E-10,1007.4684672700932
0.201,6.099999999999999E-10,1048.7439520762173
0.206,5.999999999999999E-10,1020.9706035567582
0.2,6.199999999999998E-10,1102.9880703203182
0.203,5.6E-10,1132.1823382044058
0.205,5.500000000000001E-10,1112.0484117003675
0.202,5.8E-10,1048.4654118628291
0.207,5.8E-10,1010.2927696159813
0.204,6.299999999999998E-10,984.2182439046678
0.201,6.199999999999998E-10,996.4903142547064
0.206,6.099999999999999E-10,987.4522057447829
0.2,6.299999999999998E-10,1061.5140540117507
0.203,5.7E-10,1108.67971922223
0.205,5.6E-10,1092.5520986508052
0.202,5.899999999999999E-10,1066.4611980910547
0.207,5.899999999999999E-10,992.0332564904807
0.204,6.399999999999998E-10,984.927370193453
0.201,6.299999999999998E-10,1017.5250171159073
0.207,5.999999999999999E-10,964.4697532490206
0.206,6.199999999999998E-10,998.9318294383329
0.2,6.399999999999998E-10,1029.008993840242
0.203,5.8E-10,1082.8703818648612
0.207,6.099999999999999E-10,950.583602498256
0.205,5.7E-10,1068.424950735988
0.202,5.999999999999999E-10,1035.1786693798454
0.204,6.499999999999997E-10,931.9714094313518
0.201,6.399999999999998E-10,957.1425699340557
0.206,6.299999999999998E-10,946.5509479037244
0.205,5.8E-10,1036.1695709429353
0.2,6.499999999999997E-10,1009.1141257504205
0.201,6.499999999999997E-10,992.0310455661526
0.205,5.899999999999999E-10,990.5879835940178
0.206,6.399999999999998E-10,972.4587527697648
0.203,5.899999999999999E-10,1026.9249077877096
0.207,6.199999999999998E-10,984.9761545040864
0.204,6.599999999999997E-10,935.3546030070193
0.2,6.599999999999997E-10,977.9201348016945
0.201,6.599999999999997E-10,990.6302649643719
0.202,6.099999999999999E-10,1012.5384216058496
0.205,5.999999999999999E-10,1008.5344342337216
0.203,5.999999999999999E-10,926.2230199474761
0.206,6.499999999999997E-10,905.8854231644813
0.207,6.299999999999998E-10,912.0080518409875
0.203,6.099999999999999E-10,1018.3064382412153
0.204,6.699999999999997E-10,893.5939317490015
0.2,6.699999999999997E-10,969.391095513243
0.202,6.199999999999998E-10,1016.5926385166729
0.2,6.799999999999996E-10,938.9760474050106
0.205,6.099999999999999E-10,991.034210045573
0.201,6.699999999999997E-10,971.8572626635839
0.2,6.899999999999996E-10,937.3092093580684
0.207,6.399999999999998E-10,892.6945195256628
0.201,6.799999999999996E-10,915.8741162034659
0.207,6.499999999999997E-10,878.5557218781821
0.201,6.899999999999996E-10,891.9206708037158
0.206,6.599999999999997E-10,878.5323019351817
0.201,6.999999999999995E-10,909.9884255888528
0.204,6.799999999999996E-10,896.2193719036427
0.201,7.099999999999995E-10,865.0439206672904
0.202,6.299999999999998E-10,1004.0291005920776
0.205,6.199999999999998E-10,971.1384564902143
0.2,6.999999999999995E-10,901.5628766730725
0.205,6.299999999999998E-10,950.7627376005626
0.207,6.599999999999997E-10,860.0369292741875
0.203,6.199999999999998E-10,977.2886860782377
0.206,6.699999999999997E-10,857.8198451097943
0.204,6.899999999999996E-10,853.3999014502734
0.201,7.199999999999995E-10,859.0305238499631
0.202,6.399999999999998E-10,975.7121486206036
0.206,6.799999999999996E-10,838.1628713373545
0.201,7.299999999999994E-10,876.1128739669354
0.2,7.099999999999995E-10,886.9437651166851
0.203,6.299999999999998E-10,915.9447004209779
0.201,7.399999999999994E-10,833.2810609438388
0.205,6.399999999999998E-10,929.2617394436165
0.207,6.699999999999997E-10,847.8835008076387
0.204,6.999999999999995E-10,839.631249775012
0.201,7.499999999999994E-10,886.4079020581569
0.202,6.499999999999997E-10,930.5876651311507
0.206,6.899999999999996E-10,821.0529500390643
0.2,7.199999999999995E-10,877.4102577926931
0.201,7.599999999999993E-10,781.9359901100312
0.203,6.399999999999998E-10,939.7541606828074
0.205,6.499999999999997E-10,899.8288621013892
0.207,6.799999999999996E-10,817.5517555874784
0.204,7.099999999999995E-10,807.3268191153818
0.202,6.599999999999997E-10,900.7069693086855
0.2,7.299999999999994E-10,789.1563942590323
0.201,7.699999999999993E-10,766.5322730799503
0.206,6.999999999999995E-10,863.7433439453567
0.205,6.599999999999997E-10,891.7636385307188
0.207,6.899999999999996E-10,860.9872479078695
0.203,6.499999999999997E-10,868.8870385471008
0.204,7.199999999999995E-10,813.4736843411882
0.2,7.399999999999994E-10,878.2426594269737
0.202,6.699999999999997E-10,883.5337103841102
0.203,6.599999999999997E-10,891.0836163120445
0.201,7.799999999999993E-10,795.216513409038
0.205,6.699999999999997E-10,831.4383014356613
0.207,6.999999999999995E-10,809.9310352927815
0.206,7.099999999999995E-10,811.3561559273504
0.205,6.799999999999996E-10,811.1268225975432
0.204,7.299999999999994E-10,789.5329134323977
0.202,6.799999999999996E-10,871.722599492311
0.2,7.499999999999994E-10,866.9240419672631
0.203,6.699999999999997E-10,907.1427794164496
0.207,7.099999999999995E-10,765.018667066294
0.202,6.899999999999996E-10,854.9486050716738
0.201,7.899999999999992E-10,749.8771204271337
0.206,7.199999999999995E-10,778.5014179275413
0.205,6.899999999999996E-10,825.7993526692707
0.204,7.399999999999994E-10,789.9490112727759
0.206,7.299999999999994E-10,755.9017301915677
0.2,7.599999999999993E-10,815.6254998984867
0.203,6.799999999999996E-10,848.5214893854101
0.207,7.199999999999995E-10,762.1626349433242
0.201,7.999999999999992E-10,759.6357878459078
0.2,7.699999999999993E-10,811.5974299259187
0.202,6.999999999999995E-10,810.9728617525216
0.204,7.499999999999994E-10,753.4773712498587
0.206,7.399999999999994E-10,774.8926348229274
0.205,6.999999999999995E-10,811.5883848434191
0.203,6.899999999999996E-10,858.3360417766397
0.207,7.299999999999994E-10,727.0073684008227
0.201,8.099999999999992E-10,723.0516182756173
0.2,7.799999999999993E-10,757.9827214443428
0.204,7.599999999999993E-10,773.4095010269832
0.202,7.099999999999995E-10,793.1741446863393
0.206,7.499999999999994E-10,721.855792691687
0.207,7.399999999999994E-10,752.7429160470579
0.202,7.199999999999995E-10,818.4952667177477
0.203,6.999999999999995E-10,818.8021071364668
0.207,7.499999999999994E-10,711.9266937552026
0.205,7.099999999999995E-10,800.4041341541711
0.201,8.199999999999991E-10,730.5000163943034
0.2,7.899999999999992E-10,737.9609075731215
0.204,7.699999999999993E-10,732.9230879599955
0.206,7.599999999999993E-10,704.9149412259206
0.202,7.299999999999994E-10,813.3336696269056
0.203,7.099999999999995E-10,776.8410329878457
0.207,7.599999999999993E-10,706.5739239014229
0.205,7.199999999999995E-10,747.6848130152
0.201,8.299999999999991E-10,673.6938864227626
0.2,7.999999999999992E-10,722.4908507922795
0.204,7.799999999999993E-10,707.9210521885706
0.206,7.699999999999993E-10,720.1023124503012
0.202,7.399999999999994E-10,800.3690004981178
0.203,7.199999999999995E-10,795.2411793730603
0.207,7.699999999999993E-10,688.1214470246641
0.205,7.299999999999994E-10,740.5542738021907
0.201,8.399999999999991E-10,675.3485121322052
0.2,8.099999999999992E-10,699.9246139061221
0.204,7.899999999999992E-10,689.0962019989371
0.206,7.799999999999993E-10,696.9101027838593
0.202,7.499999999999994E-10,745.7313274533841
0.203,7.299999999999994E-10,733.537496014136
0.207,7.799999999999993E-10,677.7759538105731
0.206,7.899999999999992E-10,674.1894811469323
0.205,7.399999999999994E-10,703.7182670705226
0.202,7.599999999999993E-10,747.5836054326836
0.203,7.399999999999994E-10,728.5006356628483
0.207,7.899999999999992E-10,651.9261151170839
0.201,8.49999999999999E-10,662.678856771083
0.205,7.499999999999994E-10,736.8143432373897
0.2,8.199999999999991E-10,686.6510492918648
0.204,7.999999999999992E-10,668.3799252914904
0.206,7.999999999999992E-10,665.4041306611297
0.201,8.59999999999999E-10,667.9255554250173
0.202,7.699999999999993E-10,732.0281921471648
0.2,8.299999999999991E-10,661.2500378278015
0.203,7.499999999999994E-10,719.9613347868719
0.207,7.999999999999992E-10,637.4923447220546
0.205,7.599999999999993E-10,699.7418605475683
0.204,8.099999999999992E-10,642.9842100063344
0.206,8.099999999999992E-10,629.9986527861566
0.201,8.69999999999999E-10,633.7635632658727
0.202,7.799999999999993E-10,705.6846258897128
0.2,8.399999999999991E-10,687.3110677660676
0.203,7.599999999999993E-10,727.0066456710198
0.207,8.099999999999992E-10,641.4852243672129
0.205,7.699999999999993E-10,670.7042848583334
0.204,8.199999999999991E-10,629.0025078759293
0.2,8.49999999999999E-10,666.8526906003628
0.206,8.199999999999991E-10,618.2972139811516
0.201,8.799999999999989E-10,644.5529359118245
0.202,7.899999999999992E-10,687.7154857331843
0.204,8.299999999999991E-10,622.9990376071887
0.203,7.699999999999993E-10,692.7573423221218
0.207,8.199999999999991E-10,622.5159180136407
0.205,7.799999999999993E-10,656.2781368544332
0.2,8.59999999999999E-10,617.1854625265746
0.206,8.299999999999991E-10,601.9006030400363
0.201,8.899999999999989E-10,599.2880168005343
0.202,7.999999999999992E-10,633.3730592506331
0.204,8.399999999999991E-10,628.5437160922114
0.203,7.799999999999993E-10,670.5512155733861
0.207,8.299999999999991E-10,615.5707337809833
0.205,7.899999999999992E-10,639.7300213294886
0.2,8.69999999999999E-10,595.4823007118702
0.206,8.399999999999991E-10,590.0624348768431
0.201,8.999999999999989E-10,593.8316247638339
0.202,8.099999999999992E-10,663.364079451657
0.204,8.49999999999999E-10,629.4384676042872
0.203,7.899999999999992E-10,664.1927885663918
0.207,8.399999999999991E-10,608.0709193644793
0.205,7.999999999999992E-10,625.1119383035543
0.2,8.799999999999989E-10,594.7974039823571
0.204,8.59999999999999E-10,609.2722712963599
0.206,8.49999999999999E-10,572.1166566661673
0.201,9.099999999999988E-10,571.2546793604658
0.202,8.199999999999991E-10,640.8489303178644
0.203,7.999999999999992E-10,650.6616237929329
0.207,8.49999999999999E-10,605.8530642771323
0.205,8.099999999999992E-10,624.2202164547653
0.2,8.899999999999989E-10,574.9667970755504
0.204,8.69999999999999E-10,571.1230421132245
0.206,8.59999999999999E-10,590.4677775444563
0.203,8.099999999999992E-10,590.1226766205532
0.201,9.199999999999988E-10,609.0693118644825
0.2,8.999999999999989E-10,590.7014153152445
0.202,8.299999999999991E-10,647.9530924549667
0.207,8.59999999999999E-10,558.1739771285285
0.205,8.199999999999991E-10,592.4704231851821
0.204,8.799999999999989E-10,553.3015911250659
0.2,9.099999999999988E-10,591.6936678492604
0.206,8.69999999999999E-10,549.7602628006208
0.201,9.299999999999988E-10,623.7902728585542
0.204,8.899999999999989E-10,544.6702270656452
0.203,8.199999999999991E-10,627.2448336579703
0.202,8.399999999999991E-10,611.3188770026537
0.207,8.69999999999999E-10,552.6281216098577
0.205,8.299999999999991E-10,574.1367696462376
0.2,9.199999999999988E-10,543.647332558086
0.201,9.399999999999988E-10,532.0905336452846
0.207,8.799999999999989E-10,537.2614068401278
0.204,8.999999999999989E-10,558.0448417848011
0.206,8.799999999999989E-10,600.6483196648009
0.203,8.299999999999991E-10,632.2122910506761
0.202,8.49999999999999E-10,586.9446460888895
0.205,8.399999999999991E-10,558.6367741212158
0.2,9.299999999999988E-10,524.215687448848
0.201,9.499999999999988E-10,506.31852169191734
0.207,8.899999999999989E-10,518.3407915513892
0.204,9.099999999999988E-10,543.1011105215368
0.203,8.399999999999991E-10,618.2460375302378
0.2,9.399999999999988E-10,511.37877702915915
0.207,8.999999999999989E-10,505.6537428416416
0.206,8.899999999999989E-10,611.1712110286381
0.205,8.49999999999999E-10,518.6722961329834
0.203,8.49999999999999E-10,567.067342780703
0.2,9.499999999999988E-10,506.69114417632824
0.207,9.099999999999988E-10,506.0270280463642
0.202,8.59999999999999E-10,521.7659016445233
0.201,9.599999999999988E-10,499.12330701878705
0.204,9.199999999999988E-10,525.8659000497788
0.205,8.59999999999999E-10,548.8410136093423
0.206,8.999999999999989E-10,532.5164195147886
0.203,8.59999999999999E-10,533.4373155021015
0.2,9.599999999999988E-10,499.232627104868
0.207,9.199999999999988E-10,511.4765794120211
0.202,8.69999999999999E-10,570.5900083592287
0.206,9.099999999999988E-10,542.2746265110324
0.2,9.699999999999987E-10,488.6963064969447
0.204,9.299999999999988E-10,496.99629320393893
0.201,9.699999999999987E-10,492.3109501036164
0.205,8.69999999999999E-10,550.2137421064959
0.203,8.69999999999999E-10,546.9217045559976
0.2,9.799999999999987E-10,478.9129235820931
0.207,9.299999999999988E-10,503.7910410617839
0.204,9.399999999999988E-10,489.43343253665296
0.207,9.399999999999988E-10,462.13706897083176
0.202,8.799999999999989E-10,556.630408999072
0.206,9.199999999999988E-10,482.0068896067528
0.203,8.799999999999989E-10,516.0202573916449
0.205,8.799999999999989E-10,506.812153991499
0.206,9.299999999999988E-10,508.55789721259487
0.2,9.899999999999986E-10,466.42656434713376
0.204,9.499999999999988E-10,471.66537317335013
0.201,9.799999999999987E-10,466.45361841647536
0.207,9.499999999999988E-10,443.2395130895102
0.202,8.899999999999989E-10,549.1056033198533
0.203,8.899999999999989E-10,539.5965645500028
0.207,9.599999999999988E-10,456.33067909982714
0.2,9.999999999999986E-10,456.6435276303255
0.202,8.999999999999989E-10,507.19574178133934
0.204,9.599999999999988E-10,458.43555684406743
0.205,8.899999999999989E-10,473.58241558617425
0.206,9.399999999999988E-10,466.1514786659161
0.201,9.899999999999986E-10,477.20646024890385
0.203,8.999999999999989E-10,541.0525015257649
0.207,9.699999999999987E-10,420.88850090756387
0.204,9.699999999999987E-10,483.7226347781239
0.202,9.099999999999988E-10,524.84162251492
0.205,8.999999999999989E-10,516.3600813743705
0.207,9.799999999999987E-10,446.06682742573923
0.206,9.499999999999988E-10,451.7720476870883
0.202,9.199999999999988E-10,514.7262955516898
0.205,9.099999999999988E-10,455.6769528252673
0.207,9.899999999999986E-10,409.96082519763746
0.206,9.599999999999988E-10,448.1497477306689
0.201,9.999999999999986E-10,473.2933575853703
0.203,9.099999999999988E-10,526.4701918208902
0.204,9.799999999999987E-10,457.3099898060279
0.205,9.199999999999988E-10,470.2401034348029
0.202,9.299999999999988E-10,455.73734735785797
0.207,9.999999999999986E-10,418.32803359043254
0.206,9.699999999999987E-10,430.18401881787366
0.203,9.199999999999988E-10,479.8057864592928
0.204,9.899999999999986E-10,447.86124519787955
0.205,9.299999999999988E-10,486.0355169131591
0.202,9.399999999999988E-10,467.81213210723035
0.206,9.799999999999987E-10,428.122476254998
0.203,9.299999999999988E-10,448.14999131100654
0.204,9.999999999999986E-10,440.5638065693479
0.205,9.399999999999988E-10,469.78044830635105
0.202,9.499999999999988E-10,458.036967412413
0.203,9.399999999999988E-10,492.2237393270243
0.206,9.899999999999986E-10,454.38260103483753
0.205,9.499999999999988E-10,467.5457711532037
0.202,9.599999999999988E-10,464.17275498983196
0.203,9.499999999999988E-10,443.0343184861432
0.206,9.999999999999986E-10,406.900809417042
0.205,9.599999999999988E-10,463.73988623967864
0.202,9.699999999999987E-10,469.45295057076817
0.203,9.599999999999988E-10,469.50886674741383
0.202,9.799999999999987E-10,456.51657075464675
0.205,9.699999999999987E-10,455.7747045255083
0.203,9.699999999999987E-10,458.30101205820915
0.202,9.899999999999986E-10,442.27246531937703
0.205,9.799999999999987E-10,435.1818777259798
0.203,9.799999999999987E-10,446.21582801473005
0.202,9.999999999999986E-10,429.5328851009343
0.205,9.899999999999986E-10,421.6995815009288
0.203,9.899999999999986E-10,435.998931152249
0.205,9.999999999999986E-10,409.17476782437495
0.203,9.999999999999986E-10,426.56162898226603